ID,Check,CheckingPeer,State,Time
1,1,johniety,Start,10:30:00
2,1,johniety,Success,11:00:00
3,2,casimira,Start,18:30:00
4,2,casimira,Failure,19:00:00
5,3,delilahl,Start,17:00:00
6,3,delilahl,Success,17:00:00
7,4,suzibill,Start,11:30:00
8,4,suzibill,Success,12:00:00
9,5,tawandan,Start,11:30:00
10,5,tawandan,Success,12:00:00
11,6,hubertfu,Start,11:30:00
12,6,hubertfu,Success,12:00:00
13,7,penanceg,Start,12:00:00
14,7,penanceg,Success,12:30:00
15,8,yohncarl,Start,12:00:00
16,8,yohncarl,Success,12:30:00
17,9,johniety,Start,12:00:00
18,9,johniety,Success,12:30:00
19,10,suzibill,Start,12:00:00
20,10,suzibill,Success,12:30:00
21,11,suzibill,Start,12:00:00
22,11,suzibill,Success,12:30:00
23,12,delilahl,Start,12:00:00
24,12,delilahl,Success,12:30:00
25,13,casimira,Start,12:00:00
26,13,casimira,Success,12:30:00
27,14,tawandan,Start,12:00:00
28,14,tawandan,Failure,12:30:00
29,15,tawandan,Start,12:00:00
30,15,tawandan,Success,12:30:00
31,16,johniety,Start,12:00:00
32,16,johniety,Success,12:30:00
33,17,suzibill,Start,12:00:00
34,17,suzibill,Success,12:30:00
35,18,johniety,Start,12:00:00
36,18,johniety,Success,12:30:00
37,19,johniety,Start,12:00:00
38,19,johniety,Success,12:30:00
39,20,johniety,Start,12:00:00
40,20,johniety,Success,12:30:00
41,21,johniety,Start,12:00:00
42,21,johniety,Success,12:30:00
43,22,johniety,Start,12:00:00
44,22,johniety,Success,12:30:00
45,23,suzibill,Start,12:00:00
46,23,suzibill,Success,12:30:00
